{
  "project_info": {
    "project_number": "1028031681813",
    "firebase_url": "https://medtracker-da7bf.firebaseio.com",
    "project_id": "medtracker-da7bf",
    "storage_bucket": "medtracker-da7bf.appspot.com"
  },
  "client": [
    {
      "client_info": {
        "mobilesdk_app_id": "1:1028031681813:android:a2554b16e57dd687",
        "android_client_info": {
          "package_name": "com.example.medtracker"
        }
      },
      "oauth_client": [
        {
          "client_id": "1028031681813-4mm0hgar3g4o0d328hmronvb1ahskhuv.apps.googleusercontent.com",
          "client_type": 1,
          "android_info": {
            "package_name": "com.example.medtracker",
            "certificate_hash": "a24def109ad274d0e739a44824ae43d006ba8e64"
          }
        },
        {
          "client_id": "1028031681813-p6gubuc2i7b4n8tus9gmuspddmq9g53l.apps.googleusercontent.com",
          "client_type": 3
        }
      ],
      "api_key": [
        {
          "current_key": "AIzaSyBUCdnj8Zn0pV5fJqGLUC-7-2IqtgzOkkI"
        }
      ],
      "services": {
        "appinvite_service": {
          "other_platform_oauth_client": [
            {
              "client_id": "1028031681813-p6gubuc2i7b4n8tus9gmuspddmq9g53l.apps.googleusercontent.com",
              "client_type": 3
            }
          ]
        }
      }
    }
  ],
  "configuration_version": "1"
}